place_id;loc_lat;loc_lon;point_number
1;55.747022;37.787073;0
1;55.751713;37.784328;1
1;55.753878;37.777638;2
1;55.751031;37.779351;3
2;55.803885;37.458311;0
2;55.808677;37.464054;1
2;55.809763;37.461314;2
2;55.810840;37.458654;3
